{"time/evaluation":0.0010073184967041016,"mo_formula/LL.t>1":-951485.875,"ipd/beta/contin":-0.030016671866178513,"ipd/beta/r2":0.05246805027127266,"_runtime":3235,"validation/mse":0.09889452654937383,"time/training":159.02789306640625,"ipd/Cor-Avg":0.9986801562961324,"ipd/beta/my.decision1":0.5456933975219727,"ipd/LL.t=1":-4522.419921875,"ipd/beta/delta":-0.007686186581850052,"time/total":2924.135351419449,"ipd/beta/r1*delta":0.13143813610076904,"mo_formula/LL.t=1":-11627.92578125,"training/action_error":0.07784444093704224,"_step":11,"training/train_loss_mean":0.09586642819847911,"ipd/RMSE-Avg":0.2581635914101893,"mo_formula/RMSE-Time":0.503997129296403,"mo_formula/Cor-Time":0.08030897027441991,"ipd/RMSE-Time":0.14842714279892816,"ipd/Cor-Time":0.8025990568980195,"ipd/beta/risk":-0.02467133104801178,"ipd/beta/bias":-0.048448704183101654,"ipd/beta/r2*delta":0.04198755696415901,"training/train_loss_std":0.022637246574404957,"_wandb":{"runtime":3235},"ipd/beta/r1":-0.1578444391489029,"ipd/Acc.t=1":0.4533190131187439,"mo_formula/Cor-Avg":0.4975458639347362,"mo_formula/Acc.t=1":0.45331902498850224,"_timestamp":1.763278274628055e+09,"mo_formula/RMSE-Avg":0.6356314257307736,"ipd/beta/delta*infin":0.09870386123657227,"mo_formula/Acc.t>1":0.43927070886173536,"ipd/beta/infin":0.07682350277900696,"ipd/Acc.t>1":0.44035643339157104,"ipd/beta/error":-0.07908335328102112,"ipd/LL.t>1":-94634.78125,"ipd/beta/other.decision1":0.615727961063385}