{"ipd/RMSE-Avg":0.37910373698990574,"ipd/LL.t=1":-6368.95166015625,"ipd/Cor-Time":0.05186832619058209,"ipd/Acc.t=1":0.6990861892700195,"training/train_loss_std":10525.618191812686,"_wandb":{"runtime":1285},"ipd/Acc.t>1":0.5451100468635559,"time/total":1173.253348827362,"time/training":68.54147434234619,"training/action_accuracy":0.5,"_timestamp":1.7634094948168514e+09,"mo_formula/RMSE-Time":0.6990168980283017,"ipd/Cor-Avg":-0.1831131980469703,"mo_formula/Cor-Avg":0.46597584914913615,"mo_formula/RMSE-Avg":0.6512482832508515,"mo_formula/LL.t=1":-11561.2255859375,"_runtime":1285,"validation/accuracy":0.5858911412994368,"mo_formula/Acc.t>1":0.41057174423422177,"mo_formula/Acc.t=1":0.4550751303281202,"mo_formula/Cor-Time":-0.1339864019159844,"training/train_loss_mean":-41836.14956523437,"ipd/LL.t>1":-196500.71875,"time/evaluation":0,"mo_formula/LL.t>1":-919414.3125,"ipd/RMSE-Time":0.35943871806906497,"_step":11}