{"time/training":117.82539701461792,"mo_formula/RMSE-Time":0.4347703839376946,"_step":11,"ipd/RMSE-Avg":0.2547496483693965,"validation/mse":0.09525398252817324,"_runtime":2590,"_timestamp":1.7632867444318328e+09,"time/evaluation":0,"ipd/Cor-Avg":0.9992903458083909,"ipd/beta/other.decision2":0.023352764546871185,"ipd/beta/delta":-0.027738088741898537,"ipd/beta/other.decision3":0.037353284657001495,"ipd/beta/delta*infin":-0.10095427185297012,"ipd/beta/risk":-0.06834595650434494,"ipd/beta/r1*delta":0.038381680846214294,"ipd/LL.t>1":-91059.703125,"ipd/beta/my.decision2":-0.2188258320093155,"mo_formula/Cor-Time":0.12955742328045475,"mo_formula/Acc.t=1":0.46297715774950177,"ipd/beta/error":0.07956769317388535,"ipd/beta/r2*delta":-0.031749725341796875,"time/total":2351.6978693008423,"ipd/LL.t=1":-4433.60009765625,"mo_formula/LL.t>1":-925144.5,"mo_formula/RMSE-Avg":0.6382309286818452,"ipd/beta/other.decision5":0.09330171346664429,"ipd/beta/my.decision1":-0.5770489573478699,"_wandb":{"runtime":2590},"ipd/beta/other.decision1":-0.6533242464065552,"ipd/Acc.t>1":0.43176132440567017,"ipd/beta/my.decision5":-0.04028317704796791,"mo_formula/LL.t=1":-11450.337890625,"training/action_error":0.10504813492298126,"ipd/beta/contin":0.03527842462062836,"ipd/beta/r1":-0.1015915498137474,"training/train_loss_std":0.022411736318310758,"ipd/beta/r2":0.04421841725707054,"training/train_loss_mean":0.09579918804131449,"ipd/beta/other.decision4":0.09553195536136627,"ipd/beta/my.decision4":-0.16052871942520142,"ipd/beta/my.decision3":-0.11313554644584656,"ipd/RMSE-Time":0.17907186383701845,"ipd/Cor-Time":0.9959872999741245,"ipd/beta/infin":-0.05383593216538429,"ipd/Acc.t=1":0.46297717094421387,"mo_formula/Acc.t>1":0.42708681637620877,"ipd/beta/bias":0.13190536201000214,"mo_formula/Cor-Avg":0.45727342111606833}