{"ipd/beta/r2":-0.03864448517560959,"ipd/beta/my.decision1":0.5489569306373596,"ipd/Cor-Time":0.9400123777755737,"ipd/beta/delta*infin":0.054964881390333176,"ipd/beta/delta":0.2898167669773102,"ipd/beta/contin":0.0037310828920453787,"ipd/Cor-Avg":0.9985283172848487,"ipd/beta/error":-0.10506485402584076,"ipd/beta/risk":-0.00888900551944971,"training/train_loss_mean":0.09646019218564034,"mo_formula/Cor-Avg":0.46597584914913615,"ipd/beta/r1*delta":0.02440299093723297,"mo_formula/Cor-Time":-0.1339864019159844,"ipd/LL.t>1":-89102.9921875,"ipd/beta/r1":0.11760594695806503,"mo_formula/RMSE-Avg":0.6512482832508515,"mo_formula/RMSE-Time":0.6990168980283017,"ipd/beta/other.decision1":0.7615116834640503,"training/train_loss_std":0.02263934481808905,"ipd/beta/bias":0.2741360068321228,"_step":11,"ipd/RMSE-Avg":0.2649985784266186,"_wandb":{"runtime":2547},"mo_formula/Acc.t>1":0.41057174423422177,"mo_formula/Acc.t=1":0.4550751303281202,"ipd/RMSE-Time":0.29231072772592437,"ipd/beta/r2*delta":-0.08321233838796616,"mo_formula/LL.t=1":-11561.2255859375,"ipd/Acc.t=1":0.45507514476776123,"time/training":126.79039907455444,"ipd/beta/infin":0.11806493997573853,"ipd/LL.t=1":-4529.84130859375,"time/total":2324.1031062602997,"ipd/Acc.t>1":0.4500828683376312,"mo_formula/LL.t>1":-919414.3125,"_timestamp":1.7632729051545494e+09,"validation/mse":0.09767081755939376,"_runtime":2547,"training/action_error":0.09608642011880875,"time/evaluation":0}