{"ipd/Acc.t>1":0.4180292785167694,"ipd/beta/error":0.014277485199272633,"ipd/beta/risk":0.04234398901462555,"ipd/beta/delta":0.14238853752613068,"ipd/beta/my.decision2":0.19181732833385468,"ipd/LL.t>1":-89178.953125,"ipd/LL.t=1":-4472.72314453125,"training/action_error":0.09498059004545212,"ipd/Cor-Avg":0.9976205206664988,"time/evaluation":0,"ipd/beta/other.decision2":0.011583952233195305,"mo_formula/LL.t=1":-11561.2255859375,"ipd/beta/my.decision4":0.1611822545528412,"ipd/beta/bias":-0.05242112651467323,"_timestamp":1.7632939473641574e+09,"mo_formula/Cor-Avg":0.46597584914913615,"ipd/beta/r2":-0.019301772117614746,"ipd/beta/r2*delta":0.07350651919841766,"ipd/Acc.t=1":0.45507514476776123,"ipd/beta/r1":0.07754196226596832,"ipd/beta/delta*infin":-0.029507411643862724,"ipd/beta/other.decision3":-0.0020217299461364746,"training/train_loss_mean":0.09605162470284849,"mo_formula/RMSE-Avg":0.6512482832508515,"ipd/beta/other.decision5":-0.06466303765773773,"mo_formula/Acc.t>1":0.41057174423422177,"mo_formula/RMSE-Time":0.6990168980283017,"ipd/RMSE-Time":0.2950008056636665,"ipd/beta/other.decision4":-0.08597242832183838,"ipd/beta/my.decision1":0.5300171971321106,"ipd/beta/my.decision3":0.1379997283220291,"_runtime":2396,"mo_formula/Cor-Time":-0.1339864019159844,"time/training":117.23293995857239,"ipd/beta/other.decision1":0.5404935479164124,"_step":11,"mo_formula/Acc.t=1":0.4550751303281202,"ipd/beta/contin":-0.025934424251317978,"ipd/RMSE-Avg":0.26281357867447225,"ipd/beta/r1*delta":-0.02570524998009205,"ipd/Cor-Time":0.9099498033072242,"_wandb":{"runtime":2396},"time/total":2166.915425300598,"ipd/beta/my.decision5":0.034795183688402176,"validation/mse":0.09717565946612865,"ipd/beta/infin":0.15375357866287231,"training/train_loss_std":0.022521080761358656,"mo_formula/LL.t>1":-919414.3125}