{"ipd/Acc.t=1":0.3003978729248047,"ipd/LL.t=1":-1089.624267578125,"ipd/Cor-Avg":0.9647279518260228,"_step":11,"mo_formula/LL.t>1":-925144.5,"time/evaluation":0,"time/training":101.38927149772644,"ipd/LL.t>1":-21814.5703125,"training/train_loss_std":0.03835398392821167,"_runtime":1931,"mo_formula/Acc.t>1":0.42708681637620877,"mo_formula/Cor-Time":0.12955742328045475,"mo_formula/RMSE-Time":0.4347703839376946,"ipd/RMSE-Avg":0.3308659664628465,"training/action_error":0.1301012486219406,"mo_formula/Cor-Avg":0.45727342111606833,"ipd/Cor-Time":0.9534540616317212,"time/total":1733.2557134628296,"_wandb":{"runtime":1931},"validation/mse":0.1194350056670745,"ipd/Acc.t>1":0.27768364548683167,"mo_formula/RMSE-Avg":0.6382309286818452,"ipd/RMSE-Time":0.26521158875043127,"mo_formula/LL.t=1":-11450.337890625,"_timestamp":1.7633395145891604e+09,"mo_formula/Acc.t=1":0.46297715774950177,"training/train_loss_mean":0.12021261616637931}