{"_runtime":2289,"ipd/beta/r1*delta":0.009028120897710323,"ipd/beta/risk":-0.052324917167425156,"mo_formula/Acc.t>1":0.42708681637620877,"ipd/beta/bias":-0.2268991768360138,"ipd/RMSE-Avg":0.2517531359530707,"mo_formula/LL.t>1":-925144.5,"time/training":114.6111831665039,"ipd/beta/r2*delta":-0.1567893773317337,"ipd/RMSE-Time":0.17803324874078225,"mo_formula/LL.t=1":-11450.337890625,"training/train_loss_std":0.022716952480029154,"ipd/beta/other.decision1":-0.7501267194747925,"ipd/Cor-Avg":0.9980325382439953,"ipd/Acc.t=1":0.46297717094421387,"_step":11,"ipd/Cor-Time":0.9950090560161987,"ipd/beta/my.decision1":-0.5351918339729309,"mo_formula/RMSE-Time":0.4347703839376946,"ipd/beta/delta":0.036052405834198,"mo_formula/Cor-Avg":0.45727342111606833,"training/action_error":0.1032993495464325,"ipd/beta/contin":0.026874668896198273,"mo_formula/Cor-Time":0.12955742328045475,"ipd/beta/delta*infin":-0.04265744239091873,"time/total":2072.3578860759735,"_timestamp":1.7632653606704407e+09,"_wandb":{"runtime":2289},"mo_formula/RMSE-Avg":0.6382309286818452,"ipd/beta/error":0.04153336584568024,"ipd/beta/r2":0.06843593716621399,"ipd/LL.t>1":-90193.171875,"training/train_loss_mean":0.09573667078875005,"ipd/beta/r1":-0.08712596446275711,"ipd/Acc.t>1":0.517848789691925,"time/evaluation":0,"validation/mse":0.09529718004060067,"mo_formula/Acc.t=1":0.46297715774950177,"ipd/beta/infin":-0.03626193851232529,"ipd/LL.t=1":-4434.453125}