{"time/training":117.55516624450684,"ipd/beta/other.decision5":0.07780183106660843,"ipd/LL.t>1":-89667.53125,"ipd/beta/other.decision4":0.08680722862482071,"ipd/beta/my.decision5":-0.015274986624717712,"mo_formula/RMSE-Avg":0.6374731582769215,"ipd/beta/infin":0.025998204946517944,"mo_formula/LL.t>1":-914606.1875,"ipd/beta/delta":-0.13008086383342743,"ipd/beta/other.decision3":0.016553565859794617,"ipd/beta/my.decision4":-0.17853543162345886,"_timestamp":1.763289138253604e+09,"ipd/Cor-Time":0.3702054225016743,"mo_formula/Acc.t=1":0.4709489498696919,"ipd/beta/r2":0.010337847284972668,"training/train_loss_std":0.022776169443364257,"training/train_loss_mean":0.09501139142978936,"ipd/beta/bias":0.09513593465089798,"ipd/Acc.t>1":0.4544156789779663,"training/action_error":0.09218037873506546,"ipd/beta/other.decision1":-0.48592254519462585,"ipd/RMSE-Time":0.2646915511868961,"ipd/beta/error":-0.011756212450563908,"validation/mse":0.10101386266623383,"ipd/RMSE-Avg":0.2555855394063866,"ipd/beta/my.decision3":-0.10127655416727066,"ipd/beta/my.decision1":-0.48256102204322815,"_step":11,"mo_formula/Acc.t>1":0.4232087972133051,"ipd/LL.t=1":-4369.759765625,"time/total":2162.232082128525,"ipd/beta/r1*delta":0.024787891656160355,"mo_formula/Cor-Time":0.006791568853523032,"ipd/beta/contin":0.017129138112068176,"ipd/Cor-Avg":0.995478863920523,"mo_formula/Cor-Avg":0.4418972790583909,"ipd/Acc.t=1":0.4709489643573761,"_wandb":{"runtime":2392},"mo_formula/RMSE-Time":0.5734989040725283,"mo_formula/LL.t=1":-11275.953125,"ipd/beta/other.decision2":0.01678636483848095,"ipd/beta/r1":-0.07675360143184662,"ipd/beta/my.decision2":-0.196247860789299,"_runtime":2392,"ipd/beta/delta*infin":-0.0772426500916481,"time/evaluation":0,"ipd/beta/risk":0.007003454025834799,"ipd/beta/r2*delta":-0.09819774329662323}