{"_runtime":1490,"_timestamp":1.763404261833446e+09,"time/training":72.86204171180725,"ipd/LL.t>1":-158054.21875,"mo_formula/LL.t>1":-951485.875,"mo_formula/Cor-Avg":0.4975458639347362,"mo_formula/LL.t=1":-11627.92578125,"ipd/Acc.t>1":0.6497477293014526,"time/evaluation":0,"time/total":1355.0354952812195,"training/action_accuracy":0.4375,"mo_formula/Acc.t>1":0.43927070886173536,"ipd/RMSE-Avg":0.28417861554572993,"mo_formula/RMSE-Time":0.503997129296403,"ipd/RMSE-Time":0.4868720917588034,"ipd/Cor-Avg":0.4518220020480197,"ipd/LL.t=1":-5913.03955078125,"mo_formula/RMSE-Avg":0.6356314257307736,"ipd/Acc.t=1":0.7176781296730042,"ipd/Cor-Time":-0.009991885167875544,"mo_formula/Cor-Time":0.08030897027441991,"training/train_loss_mean":-42221.30313696289,"training/train_loss_std":10647.446535684732,"_wandb":{"runtime":1490},"_step":11,"mo_formula/Acc.t=1":0.45331902498850224,"validation/accuracy":0.38637094181935067}