{"mo_formula/Cor-Time":0.08954218371059805,"ipd/Cor-Time":-0.02028943280572067,"mo_formula/Acc.t>1":0.41147726189990064,"training/action_accuracy":0.46875,"mo_formula/RMSE-Time":0.4878379888401716,"validation/accuracy":0.3634819912413978,"ipd/LL.t=1":-6009.74755859375,"mo_formula/LL.t=1":-11666.30078125,"mo_formula/Cor-Avg":0.475096183929121,"time/evaluation":0,"training/train_loss_mean":-42073.42034350586,"_timestamp":1.7634082068157184e+09,"_runtime":1291,"time/training":67.8092029094696,"_step":11,"ipd/LL.t>1":-160214.5,"ipd/Acc.t>1":0.6372089982032776,"mo_formula/Acc.t=1":0.45347232868312126,"ipd/Cor-Avg":0.33747338048273406,"time/total":1176.0755314826965,"_wandb":{"runtime":1291},"training/train_loss_std":10694.807983195213,"mo_formula/RMSE-Avg":0.6509321740350552,"ipd/RMSE-Avg":0.23321594089487127,"ipd/RMSE-Time":0.5175010688723667,"ipd/Acc.t=1":0.7140039205551147,"mo_formula/LL.t>1":-932177.75}