{"validation/mse":0.09899678539734841,"ipd/beta/delta*infin":0.0459672175347805,"ipd/beta/bias":-0.11983402818441391,"_timestamp":1.7631100221718502e+09,"_wandb":{"runtime":2341},"ipd/beta/infin":0.08589094877243042,"ipd/beta/r1*delta":0.0790000930428505,"ipd/beta/my.decision1":0.5122233629226685,"_runtime":2341,"ipd/beta/delta":0.08633466809988022,"ipd/Cor-Avg":0.9974322204479018,"ipd/beta/r1":0.03675493597984314,"ipd/beta/r2":-0.0175174493342638,"ipd/Cor-Time":0.7950023263566766,"ipd/LL.t>1":-94565.78125,"ipd/LL.t=1":-4475.71484375,"ipd/beta/contin":-0.015959497541189194,"time/total":2135.383786916733,"ipd/beta/other.decision1":0.6651120185852051,"_step":10,"ipd/beta/r2*delta":-0.051488038152456284,"time/evaluation":0,"training/train_loss_std":0.02269431550198237,"ipd/Acc.t>1":0.44077399373054504,"time/training":92.90453743934631,"training/action_error":0.06342111527919769,"ipd/Acc.t=1":0.4533190131187439,"ipd/beta/risk":0.0676056295633316,"ipd/RMSE-Time":0.14775428219639086,"ipd/RMSE-Avg":0.25547376866251653,"training/train_loss_mean":0.09629503236636519,"ipd/beta/error":-0.02062946744263172}