{"validation/mse":0.0998023972355563,"ipd/Acc.t=1":0.4709489643573761,"ipd/beta/delta":0.11875316500663757,"ipd/beta/r1":-0.021123038604855537,"ipd/Acc.t>1":0.4315347373485565,"ipd/beta/contin":-0.026186270639300346,"time/training":150.8677623271942,"mo_formula/LL.t=1":-11275.953125,"time/total":2376.1772866249084,"ipd/beta/my.decision1":0.5586473345756531,"_step":11,"ipd/Cor-Avg":0.9956834315238836,"ipd/RMSE-Time":0.25256471041588213,"_wandb":{"runtime":2645},"ipd/beta/r2*delta":-0.14525435864925385,"training/action_error":0.09078709781169891,"mo_formula/Acc.t=1":0.4709489498696919,"ipd/beta/r2":0.07929440587759018,"_runtime":2645,"mo_formula/RMSE-Time":0.5734989040725283,"mo_formula/RMSE-Avg":0.6374731582769215,"ipd/LL.t=1":-4380.87060546875,"ipd/beta/other.decision1":0.7847426533699036,"ipd/beta/r1*delta":0.10835281014442444,"time/evaluation":0,"mo_formula/Cor-Time":0.006791568853523032,"ipd/RMSE-Avg":0.25825608103116604,"ipd/beta/bias":-0.011109724640846252,"ipd/beta/error":-0.12345243990421295,"ipd/Cor-Time":0.6470716343023782,"mo_formula/LL.t>1":-914606.1875,"ipd/beta/infin":0.07079239934682846,"training/train_loss_std":0.022811601528886696,"mo_formula/Cor-Avg":0.4418972790583909,"_timestamp":1.7632680075542877e+09,"mo_formula/Acc.t>1":0.4232087972133051,"ipd/beta/risk":0.0935174822807312,"ipd/LL.t>1":-90333.78125,"training/train_loss_mean":0.09579217401370406,"ipd/beta/delta*infin":0.18150393664836884}