{"_step":0,"training/action_error":NaN,"training/train_loss_mean":NaN,"_timestamp":1.7625836899978266e+09,"time/total":5135.745610237122,"_runtime":39700,"time/training":5130.778897762299,"training/train_loss_std":NaN,"_wandb":{"runtime":39700},"time/evaluation":0.0007102489471435547}