{"time/total":2177.8106949329376,"ipd/RMSE-Time":0.18076313542314468,"ipd/LL.t>1":-91175.140625,"ipd/beta/my.decision4":-0.21018564701080322,"ipd/Acc.t=1":0.4534723162651062,"_timestamp":1.7632915497369895e+09,"ipd/beta/bias":0.05821005627512932,"mo_formula/RMSE-Avg":0.6509321740350552,"_step":11,"ipd/beta/my.decision5":-0.06525246053934097,"ipd/beta/risk":0.07107799500226974,"ipd/LL.t=1":-4453.87890625,"ipd/Cor-Avg":0.9976387584004188,"ipd/beta/contin":0.021466685459017754,"ipd/RMSE-Avg":0.26411157151349357,"ipd/beta/my.decision3":-0.13173437118530273,"ipd/beta/other.decision2":-0.08544149994850159,"mo_formula/Acc.t>1":0.41147726189990064,"_runtime":2410,"ipd/beta/r1":0.08991833031177521,"training/train_loss_std":0.022683584463267733,"ipd/beta/other.decision3":-0.03996983915567398,"mo_formula/LL.t=1":-11666.30078125,"ipd/beta/infin":0.011587746441364288,"training/action_error":0.07281363755464554,"ipd/beta/error":0.019322967156767845,"validation/mse":0.10156474563704501,"ipd/beta/my.decision1":-0.47978514432907104,"mo_formula/RMSE-Time":0.4878379888401716,"time/evaluation":0.0009999275207519531,"ipd/beta/other.decision4":0.05646296590566635,"mo_formula/Cor-Time":0.08954218371059805,"ipd/beta/delta":-0.2441527247428894,"mo_formula/Acc.t=1":0.45347232868312126,"ipd/beta/r2":-0.12402232736349106,"ipd/beta/r2*delta":0.04569745063781738,"ipd/beta/other.decision1":-0.4480246603488922,"ipd/Acc.t>1":0.4121374189853668,"_wandb":{"runtime":2410},"ipd/beta/r1*delta":-0.12162124365568161,"ipd/beta/other.decision5":0.10739418864250183,"ipd/beta/my.decision2":-0.2090718001127243,"ipd/Cor-Time":0.8446822623906546,"mo_formula/LL.t>1":-932177.75,"mo_formula/Cor-Avg":0.475096183929121,"time/training":117.0172119140625,"training/train_loss_mean":0.09521412083152682,"ipd/beta/delta*infin":-0.07174606621265411}