{"mo_formula/Cor-Avg":0.46597584914913615,"ipd/beta/r2*delta":0.1797662228345871,"ipd/RMSE-Time":0.06897949436592837,"ipd/beta/other.decision1":0.5786424875259399,"ipd/beta/delta":-0.034103330224752426,"training/action_accuracy":0.8372092843055725,"ipd/LL.t=1":-3737.7529296875,"ipd/beta/r2":-0.08850862085819244,"ipd/beta/risk":-0.005127517506480217,"ipd/RMSE-Avg":0.015058814182825692,"ipd/beta/r1*delta":-0.017760735005140305,"ipd/beta/my.decision2":0.22828494012355804,"mo_formula/Acc.t=1":0.4550751303281202,"ipd/beta/contin":-0.029326388612389565,"_step":11,"ipd/beta/infin":0.0502348318696022,"mo_formula/LL.t=1":-11561.2255859375,"ipd/Cor-Time":0.9230342290462029,"time/total":1506.173488855362,"ipd/beta/other.decision3":0.011910934001207352,"_wandb":{"runtime":1663},"_timestamp":1.7633765809439883e+09,"ipd/beta/my.decision4":0.15487505495548248,"ipd/beta/my.decision3":0.1267373412847519,"training/train_loss_mean":0.32116319533437493,"time/training":81.74126410484314,"ipd/Acc.t=1":0.7065317630767822,"ipd/beta/delta*infin":0.03914390876889229,"ipd/beta/bias":-0.03357348591089249,"time/evaluation":0,"_runtime":1663,"mo_formula/RMSE-Avg":0.6512482832508515,"ipd/beta/r1":0.043882228434085846,"ipd/LL.t>1":-45134.8984375,"mo_formula/LL.t>1":-919414.3125,"ipd/beta/other.decision2":0.032783277332782745,"ipd/Cor-Avg":0.9971523607848363,"training/train_loss_std":0.06702383030031804,"ipd/Acc.t>1":0.8707222938537598,"mo_formula/Cor-Time":-0.1339864019159844,"mo_formula/RMSE-Time":0.6990168980283017,"ipd/beta/other.decision5":-0.06188684701919556,"ipd/beta/other.decision4":-0.06050683930516243,"validation/accuracy":0.8637853338795576,"ipd/beta/my.decision5":0.036938492208719254,"ipd/beta/my.decision1":0.6299143433570862,"ipd/beta/error":-0.04334479942917824,"mo_formula/Acc.t>1":0.41057174423422177}