{"_step":11,"time/training":69.03403496742249,"training/action_accuracy":0.5625,"validation/accuracy":0.3594806438102076,"_wandb":{"runtime":1305},"ipd/Acc.t>1":0.6410312652587891,"mo_formula/LL.t>1":-914606.1875,"time/evaluation":0,"mo_formula/Acc.t=1":0.4709489498696919,"mo_formula/Cor-Avg":0.4418972790583909,"mo_formula/RMSE-Time":0.5734989040725283,"ipd/LL.t=1":-6907.755859375,"ipd/LL.t>1":-156747.109375,"ipd/RMSE-Time":0.5174409337968737,"_runtime":1305,"mo_formula/Cor-Time":0.006791568853523032,"time/total":1192.1865372657776,"mo_formula/RMSE-Avg":0.6374731582769215,"ipd/Acc.t=1":0.6759559512138367,"training/train_loss_std":10743.144191139358,"mo_formula/Acc.t>1":0.4232087972133051,"mo_formula/LL.t=1":-11275.953125,"ipd/RMSE-Avg":0.23221265809761513,"training/train_loss_mean":-42155.06321884766,"ipd/Cor-Time":-0.13968837804714912,"_timestamp":1.763406913806821e+09,"ipd/Cor-Avg":0.6260541161806054}