{"training/train_loss_mean":0.12148138844668865,"mo_formula/Acc.t>1":0.43927070886173536,"ipd/RMSE-Avg":0.32587662836940257,"mo_formula/RMSE-Time":0.503997129296403,"mo_formula/Cor-Time":0.08030897027441991,"training/train_loss_std":0.038770735936062346,"ipd/Acc.t>1":0.28818222880363464,"ipd/LL.t>1":-22104.501953125,"training/action_error":0.08579671382904053,"ipd/Acc.t=1":0.28232190012931824,"mo_formula/RMSE-Avg":0.6356314257307736,"mo_formula/Acc.t=1":0.45331902498850224,"time/training":101.93613529205322,"mo_formula/Cor-Avg":0.4975458639347362,"ipd/RMSE-Time":0.2616147464345076,"time/evaluation":0,"ipd/LL.t=1":-1116.765380859375,"mo_formula/LL.t>1":-951485.875,"time/total":1826.7659873962402,"validation/mse":0.12013024959782105,"ipd/Cor-Avg":0.9843025217695813,"_wandb":{"runtime":2023},"ipd/Cor-Time":0.9509687815912057,"mo_formula/LL.t=1":-11627.92578125,"_runtime":2023,"_step":11,"_timestamp":1.7633375817422223e+09}