{"ipd/beta/risk":0.0478217676281929,"ipd/beta/delta*infin":0.022188175469636917,"ipd/beta/my.decision3":0.09241528064012527,"training/train_loss_mean":0.3192895848557353,"ipd/LL.t>1":-46729.3125,"ipd/Acc.t=1":0.7016710042953491,"ipd/RMSE-Time":0.20979039986898,"ipd/beta/r1*delta":0.041809044778347015,"ipd/beta/my.decision4":0.17942894995212555,"validation/accuracy":0.8592913236515337,"ipd/beta/other.decision4":-0.046746451407670975,"ipd/beta/contin":-0.0478070005774498,"ipd/beta/error":-0.02602526918053627,"time/total":1506.4784412384033,"ipd/beta/my.decision5":0.04524229094386101,"ipd/beta/other.decision2":0.10429304838180542,"_runtime":1662,"ipd/beta/other.decision5":-0.0640183612704277,"_wandb":{"runtime":1662},"ipd/beta/bias":0.2389030158519745,"ipd/beta/my.decision1":0.6377279162406921,"mo_formula/RMSE-Avg":0.6374731582769215,"_timestamp":1.7633732434581122e+09,"ipd/RMSE-Avg":0.021981284737258012,"mo_formula/LL.t=1":-11275.953125,"ipd/beta/delta":-0.003730141557753086,"ipd/Cor-Avg":0.9979308437569964,"ipd/beta/other.decision1":0.6187000870704651,"ipd/beta/infin":0.07168605923652649,"training/train_loss_std":0.06712419872694148,"mo_formula/LL.t>1":-914606.1875,"mo_formula/Cor-Time":0.006791568853523032,"training/action_accuracy":0.8869564533233643,"mo_formula/Acc.t=1":0.4709489498696919,"mo_formula/Acc.t>1":0.4232087972133051,"time/evaluation":0,"time/training":89.43201875686646,"ipd/beta/r2*delta":0.034333400428295135,"ipd/LL.t=1":-3772.08935546875,"mo_formula/RMSE-Time":0.5734989040725283,"ipd/beta/other.decision3":0.023788778111338615,"ipd/beta/r2":-0.013943001627922058,"mo_formula/Cor-Avg":0.4418972790583909,"ipd/Acc.t>1":0.8662659525871277,"ipd/beta/r1":0.013775150291621685,"ipd/beta/my.decision2":0.2482990026473999,"_step":11,"ipd/Cor-Time":0.5481095737560242}