{"training/train_loss_std":0.038147144800619925,"time/total":1780.4815864562988,"mo_formula/Acc.t=1":0.4709489498696919,"ipd/RMSE-Avg":0.32065740920143876,"ipd/Cor-Time":0.9741235546353756,"mo_formula/Cor-Avg":0.4418972790583909,"_wandb":{"runtime":1986},"ipd/Acc.t>1":0.4112536609172821,"mo_formula/RMSE-Avg":0.6374731582769215,"time/evaluation":0,"mo_formula/LL.t>1":-914606.1875,"mo_formula/RMSE-Time":0.5734989040725283,"time/training":103.14928531646729,"ipd/Acc.t=1":0.3240440785884857,"ipd/LL.t>1":-21095.55859375,"ipd/Cor-Avg":0.9640957071755516,"ipd/RMSE-Time":0.26780463910685415,"mo_formula/LL.t=1":-11275.953125,"_timestamp":1.763341502994349e+09,"validation/mse":0.12082812022939153,"training/action_error":0.0885431170463562,"_step":11,"_runtime":1986,"mo_formula/Acc.t>1":0.4232087972133051,"mo_formula/Cor-Time":0.006791568853523032,"training/train_loss_mean":0.12095805735075846,"ipd/LL.t=1":-1118.8104248046875}