{"training/train_loss_mean":0.09612791128717363,"ipd/beta/bias":0.16793325543403625,"time/training":110.88039755821228,"ipd/RMSE-Time":0.14684472182906844,"mo_formula/Acc.t=1":0.45331902498850224,"ipd/beta/r1*delta":0.11000408977270126,"ipd/beta/contin":-0.047150153666734695,"_timestamp":1.7632630695292208e+09,"ipd/LL.t=1":-4490.60498046875,"mo_formula/RMSE-Time":0.503997129296403,"_wandb":{"runtime":2316},"_runtime":2316,"ipd/beta/delta*infin":-0.07927178591489792,"ipd/RMSE-Avg":0.25579021215579656,"mo_formula/Cor-Avg":0.4975458639347362,"mo_formula/LL.t>1":-951485.875,"ipd/Cor-Time":0.8260599150155019,"time/evaluation":0,"mo_formula/LL.t=1":-11627.92578125,"mo_formula/RMSE-Avg":0.6356314257307736,"mo_formula/Acc.t>1":0.43927070886173536,"_step":11,"validation/mse":0.0995285999709046,"ipd/beta/r2*delta":0.10136678069829941,"time/total":2097.0926616191864,"ipd/beta/infin":0.20716647803783417,"ipd/beta/r2":0.05465693771839142,"ipd/beta/delta":-0.032281409949064255,"ipd/Acc.t=1":0.4533190131187439,"training/train_loss_std":0.022825954660182658,"ipd/beta/my.decision1":0.5062055587768555,"ipd/beta/risk":0.036297090351581573,"ipd/Cor-Avg":0.9985255492330105,"ipd/LL.t>1":-94333.1171875,"training/action_error":0.07155901193618774,"mo_formula/Cor-Time":0.08030897027441991,"ipd/beta/r1":-0.12387237697839737,"ipd/beta/other.decision1":0.7198010087013245,"ipd/beta/error":0.023288361728191376,"ipd/Acc.t>1":0.4479692578315735}