{"ipd/Cor-Time":-0.231911986790921,"time/training":75.26989340782166,"mo_formula/Acc.t=1":0.46297715774950177,"validation/accuracy":0.4251317222500221,"training/train_loss_mean":-42168.627786083984,"mo_formula/LL.t=1":-11450.337890625,"ipd/LL.t>1":-201146.015625,"mo_formula/LL.t>1":-925144.5,"ipd/Acc.t=1":0.6996021270751953,"ipd/RMSE-Time":0.6006942763229468,"ipd/Cor-Avg":-0.3496550852855122,"ipd/Acc.t>1":0.5291852951049805,"ipd/LL.t=1":-6258.427734375,"mo_formula/Acc.t>1":0.42708681637620877,"time/total":1220.3220255374908,"mo_formula/RMSE-Time":0.4347703839376946,"_wandb":{"runtime":1337},"time/evaluation":0,"mo_formula/Cor-Time":0.12955742328045475,"mo_formula/RMSE-Avg":0.6382309286818452,"_timestamp":1.7634056012845228e+09,"_step":11,"training/action_accuracy":0.46875,"ipd/RMSE-Avg":0.2932580209702715,"_runtime":1337,"training/train_loss_std":10654.124709197986,"mo_formula/Cor-Avg":0.45727342111606833}