{"ipd/beta/error":-0.019994409754872322,"ipd/beta/r1*delta":0.07659462839365005,"validation/mse":0.09982093036945063,"ipd/LL.t=1":-4506.12109375,"ipd/beta/delta*infin":0.05748547613620758,"_wandb":{"runtime":1990},"ipd/Cor-Time":0.9160853816527365,"ipd/Cor-Avg":0.9975945793091701,"ipd/RMSE-Time":0.17748700364785497,"_runtime":1990,"ipd/beta/contin":-0.039917413145303726,"ipd/RMSE-Avg":0.26250169159136777,"ipd/beta/risk":0.0016774139367043972,"_timestamp":1.763116026774642e+09,"ipd/LL.t>1":-90529.78125,"time/evaluation":0.0009999275207519531,"ipd/beta/bias":-0.07114885002374649,"ipd/beta/my.decision1":0.46286505460739136,"training/train_loss_mean":0.09551888203900308,"_step":10,"ipd/beta/infin":-0.07712064683437347,"time/total":1793.9431326389313,"ipd/beta/r2":-0.02542058937251568,"ipd/Acc.t=1":0.4534723162651062,"training/train_loss_std":0.022524962597038546,"ipd/beta/other.decision1":0.7279741764068604,"ipd/beta/delta":-0.07939451187849045,"ipd/beta/r1":-0.019947119057178497,"ipd/Acc.t>1":0.4519648253917694,"ipd/beta/r2*delta":-0.10010498017072678,"training/action_error":0.0907672718167305,"time/training":93.51726937294006}