{"ipd/beta/my.decision4":0.1846567690372467,"ipd/beta/delta":0.04321742057800293,"ipd/beta/other.decision1":0.5434662103652954,"training/train_loss_std":0.06619115642643088,"mo_formula/LL.t>1":-932177.75,"ipd/Cor-Avg":0.9981978202421875,"ipd/beta/contin":-0.026802998036146164,"mo_formula/LL.t=1":-11666.30078125,"time/training":82.56923699378967,"time/total":1507.7226030826569,"ipd/beta/my.decision2":0.2936255633831024,"mo_formula/Acc.t>1":0.41147726189990064,"ipd/beta/my.decision1":0.748789370059967,"ipd/beta/other.decision2":0.030493253841996193,"ipd/LL.t=1":-3701.424560546875,"ipd/beta/r1*delta":-0.002755208173766732,"ipd/beta/bias":0.1854231357574463,"ipd/RMSE-Avg":0.0125062749709703,"ipd/beta/r1":-0.00612999964505434,"training/action_accuracy":0.9235668778419495,"ipd/Cor-Time":0.8966753136601178,"_timestamp":1.7633749163321922e+09,"ipd/beta/r2*delta":0.040086403489112854,"ipd/beta/r2":-0.010520940646529198,"ipd/beta/risk":0.05203089863061905,"ipd/beta/other.decision3":0.007364628836512566,"mo_formula/Cor-Time":0.08954218371059805,"ipd/beta/other.decision5":-0.08306270092725754,"_runtime":1671,"mo_formula/RMSE-Avg":0.6509321740350552,"mo_formula/Cor-Avg":0.475096183929121,"_step":11,"training/train_loss_mean":0.31865129598602654,"ipd/beta/other.decision4":-0.039760369807481766,"_wandb":{"runtime":1671},"ipd/beta/error":-0.05637620389461517,"mo_formula/RMSE-Time":0.4878379888401716,"ipd/LL.t>1":-47271.625,"ipd/Acc.t=1":0.7114824652671814,"ipd/RMSE-Time":0.09224745100708442,"time/evaluation":0,"ipd/beta/infin":0.06582650542259216,"mo_formula/Acc.t=1":0.45347232868312126,"ipd/Acc.t>1":0.8673418164253235,"ipd/beta/my.decision3":0.1135571226477623,"ipd/beta/delta*infin":0.0776401087641716,"ipd/beta/my.decision5":0.06685902923345566,"validation/accuracy":0.8608079136174954}