{"time/total":1830.6002521514893,"ipd/beta/delta*infin":0.10119928419589996,"ipd/beta/r2":-0.1156700849533081,"training/train_loss_std":0.02276028670348047,"ipd/Cor-Avg":0.9967609666378594,"ipd/beta/delta":-0.01879374124109745,"training/train_loss_mean":0.09614690727181732,"ipd/beta/contin":-0.004994601476937532,"ipd/beta/r1":0.07637529075145721,"ipd/beta/r2*delta":0.10656904429197311,"ipd/beta/risk":0.00951443798840046,"training/action_error":0.12766067683696747,"time/training":93.95539975166321,"ipd/beta/error":-0.10283902287483215,"_timestamp":1.7631180537031884e+09,"validation/mse":0.09774814573382686,"ipd/Acc.t=1":0.45507514476776123,"ipd/beta/other.decision1":0.6733916401863098,"ipd/LL.t>1":-89126.046875,"ipd/beta/infin":0.06708694994449615,"ipd/beta/bias":0.2495790421962738,"ipd/LL.t=1":-4457.72314453125,"_wandb":{"runtime":2025},"ipd/Cor-Time":0.9193851430293963,"ipd/RMSE-Avg":0.26150852034300265,"time/evaluation":0,"ipd/beta/r1*delta":0.02763601765036583,"_runtime":2025,"ipd/Acc.t>1":0.4214335083961487,"_step":10,"ipd/RMSE-Time":0.2934181877293413,"ipd/beta/my.decision1":0.5501032471656799}