{"time/evaluation":0,"_runtime":1626,"training/train_loss_std":10672.694859537824,"time/total":1561.1943652629852,"_step":9,"training/train_loss_mean":-42435.73891821289,"_wandb":{"runtime":1626},"training/action_accuracy":0.53125,"time/training":86.9202573299408,"validation/accuracy":0.5088688232371935,"_timestamp":1.7634011851676645e+09}