{"_runtime":1904,"mo_formula/Acc.t>1":0.43927070886173536,"ipd/Cor-Time":0.7694061847042434,"ipd/beta/other.decision4":-0.042269375175237656,"ipd/RMSE-Avg":0.012636848554183101,"time/evaluation":0,"ipd/beta/my.decision4":0.153390035033226,"mo_formula/RMSE-Time":0.503997129296403,"ipd/beta/my.decision5":0.04278572276234627,"ipd/beta/my.decision1":0.5935424566268921,"time/total":1726.3443279266357,"ipd/beta/r2*delta":0.03152981027960777,"ipd/beta/my.decision3":0.08781842142343521,"_timestamp":1.7633697997801673e+09,"mo_formula/Cor-Time":0.08030897027441991,"ipd/beta/r2":0.0011174031533300877,"ipd/beta/other.decision1":0.6304739713668823,"mo_formula/Cor-Avg":0.4975458639347362,"training/action_accuracy":0.8169013857841492,"ipd/beta/risk":0.03638460859656334,"training/train_loss_mean":0.3220347659811377,"ipd/beta/bias":-0.022305507212877274,"ipd/beta/r1":0.04496384412050247,"ipd/beta/my.decision2":0.202428936958313,"mo_formula/RMSE-Avg":0.6356314257307736,"ipd/beta/delta":0.1294596940279007,"validation/accuracy":0.8617162306312084,"ipd/beta/other.decision5":-0.04331839457154274,"training/train_loss_std":0.06612910840233813,"ipd/RMSE-Time":0.09463692178037947,"ipd/Acc.t=1":0.7254331111907959,"ipd/LL.t=1":-3627.690673828125,"mo_formula/LL.t=1":-11627.92578125,"ipd/beta/infin":0.18488824367523193,"ipd/beta/other.decision3":0.01783912442624569,"ipd/beta/other.decision2":0.10635668784379959,"ipd/beta/contin":-0.04168504849076271,"time/training":92.90297532081604,"ipd/beta/error":-0.04568123444914818,"mo_formula/Acc.t=1":0.45331902498850224,"ipd/beta/r1*delta":-0.007082842756062746,"mo_formula/LL.t>1":-951485.875,"_wandb":{"runtime":1904},"ipd/beta/delta*infin":-0.08011535555124283,"ipd/LL.t>1":-49867.390625,"ipd/Acc.t>1":0.8672924041748047,"ipd/Cor-Avg":0.9980728842684491,"_step":11}