{"time/total":1837.2084403038025,"mo_formula/RMSE-Time":0.4878379888401716,"_wandb":{"runtime":2030},"mo_formula/RMSE-Avg":0.6509321740350552,"time/evaluation":0,"validation/mse":0.12458433541596575,"mo_formula/Acc.t>1":0.41147726189990064,"mo_formula/Acc.t=1":0.45347232868312126,"_runtime":2030,"training/train_loss_std":0.03852506422587473,"training/action_error":0.18934963643550873,"ipd/Acc.t=1":0.28599604964256287,"ipd/RMSE-Avg":0.33427790656395695,"mo_formula/Cor-Avg":0.475096183929121,"training/train_loss_mean":0.12063518555983901,"ipd/RMSE-Time":0.2779787603802573,"mo_formula/Cor-Time":0.08954218371059805,"ipd/Cor-Time":0.9830847676711019,"ipd/LL.t=1":-1095.749267578125,"_step":11,"mo_formula/LL.t>1":-932177.75,"ipd/LL.t>1":-21664.88671875,"time/training":102.19879293441772,"ipd/Acc.t>1":0.3118954002857208,"ipd/Cor-Avg":0.967750158143435,"_timestamp":1.7633435354335535e+09,"mo_formula/LL.t=1":-11666.30078125}