{"mo_formula/Acc.t>1":0.43927070886173536,"ipd/beta/r2*delta":-0.12274683266878128,"ipd/beta/other.decision2":-0.07809560000896454,"mo_formula/LL.t=1":-11627.92578125,"_timestamp":1.763284151838358e+09,"ipd/beta/my.decision2":-0.15429431200027466,"_runtime":3123,"mo_formula/RMSE-Avg":0.6356314257307736,"ipd/beta/r2":0.121392622590065,"ipd/beta/other.decision4":0.06509783118963242,"mo_formula/Acc.t=1":0.45331902498850224,"training/train_loss_mean":0.09564245560914278,"ipd/beta/r1":-0.1529291868209839,"ipd/beta/error":0.01594516821205616,"validation/mse":0.09843826977117878,"ipd/Acc.t>1":0.49935755133628845,"ipd/beta/my.decision4":-0.17819106578826904,"mo_formula/Cor-Time":0.08030897027441991,"ipd/beta/r1*delta":0.06365180760622025,"training/train_loss_std":0.02266520815244921,"ipd/Cor-Avg":0.9979273752531278,"_wandb":{"runtime":3123},"ipd/beta/risk":-0.011675245128571987,"ipd/beta/other.decision1":-0.7068237662315369,"mo_formula/RMSE-Time":0.503997129296403,"training/action_error":0.11296142637729645,"ipd/LL.t>1":-93645.6484375,"ipd/LL.t=1":-4447.4326171875,"ipd/beta/contin":0.02766445465385914,"ipd/RMSE-Avg":0.2527148592101745,"ipd/beta/my.decision5":-0.021836567670106888,"ipd/beta/infin":-0.16277827322483063,"ipd/beta/bias":-0.03765798732638359,"ipd/RMSE-Time":0.14417792255169476,"ipd/beta/delta*infin":0.06631063669919968,"ipd/beta/other.decision5":0.04656383395195007,"ipd/beta/my.decision3":-0.10107947140932083,"mo_formula/Cor-Avg":0.4975458639347362,"ipd/beta/my.decision1":-0.5266027450561523,"mo_formula/LL.t>1":-951485.875,"time/training":153.66410040855408,"time/total":2843.615378856659,"ipd/beta/delta":-0.044641852378845215,"time/evaluation":0.0009992122650146484,"ipd/Acc.t=1":0.4533190131187439,"_step":11,"ipd/beta/other.decision3":-0.0265833530575037,"ipd/Cor-Time":0.7426150154213388}