{"mo_formula/RMSE-Time":0.6990168980283017,"mo_formula/Acc.t=1":0.4550751303281202,"ipd/LL.t=1":-1142.543701171875,"mo_formula/LL.t=1":-11561.2255859375,"ipd/Cor-Avg":0.9759220933119104,"mo_formula/RMSE-Avg":0.6512482832508515,"_timestamp":1.763345493772792e+09,"ipd/Cor-Time":0.8286993156104446,"time/total":1761.2694146633148,"training/action_error":0.14558133482933044,"mo_formula/Acc.t>1":0.41057174423422177,"training/train_loss_mean":0.1210263887392357,"_step":11,"mo_formula/Cor-Avg":0.46597584914913615,"ipd/Acc.t=1":0.30091384053230286,"_runtime":1956,"_wandb":{"runtime":1956},"validation/mse":0.12016663693980083,"ipd/RMSE-Time":0.31947157104666396,"training/train_loss_std":0.03911007352175431,"ipd/Acc.t>1":0.2671866714954376,"time/evaluation":0,"mo_formula/LL.t>1":-919414.3125,"time/training":101.93485975265503,"ipd/LL.t>1":-21380.90234375,"ipd/RMSE-Avg":0.3345114915882217,"mo_formula/Cor-Time":-0.1339864019159844}