{"ipd/Acc.t=1":0.7203740477561951,"ipd/beta/bias":-0.03204592689871788,"ipd/RMSE-Avg":0.012599974841717624,"ipd/LL.t=1":-3646.592041015625,"ipd/beta/other.decision5":0.0905059278011322,"ipd/beta/delta":-0.2168807089328766,"mo_formula/LL.t>1":-925144.5,"mo_formula/RMSE-Time":0.4347703839376946,"ipd/LL.t>1":-45458.765625,"_wandb":{"runtime":1777},"time/total":1614.8087775707245,"ipd/RMSE-Time":0.01997662829521123,"ipd/beta/other.decision1":-0.5688735246658325,"ipd/Cor-Time":0.9966552095897205,"ipd/beta/other.decision3":0.03197555989027023,"_runtime":1777,"ipd/beta/r2":-0.0839926227927208,"validation/accuracy":0.8674074216472186,"ipd/beta/contin":0.03277675062417984,"mo_formula/Acc.t>1":0.42708681637620877,"_step":11,"time/evaluation":0,"ipd/beta/other.decision2":-0.03507053479552269,"ipd/Cor-Avg":0.998454098920086,"ipd/beta/risk":0.007750511635094881,"ipd/beta/my.decision4":-0.1294517070055008,"_timestamp":1.7633715788135438e+09,"training/train_loss_mean":0.32146274122148755,"ipd/beta/error":0.10361865162849426,"mo_formula/Cor-Avg":0.45727342111606833,"ipd/beta/my.decision3":-0.11050768941640854,"training/train_loss_std":0.06600961317556991,"mo_formula/Acc.t=1":0.46297715774950177,"ipd/Acc.t>1":0.8734201192855835,"ipd/beta/my.decision1":-0.6522754430770874,"ipd/beta/my.decision2":-0.22894568741321564,"mo_formula/Cor-Time":0.12955742328045475,"training/action_accuracy":0.850649356842041,"ipd/beta/other.decision4":0.07497236877679825,"ipd/beta/delta*infin":-0.04339267686009407,"time/training":83.58804106712341,"mo_formula/LL.t=1":-11450.337890625,"ipd/beta/r2*delta":0.1704765260219574,"ipd/beta/r1*delta":-0.056473467499017715,"ipd/beta/r1":0.026264792308211327,"mo_formula/RMSE-Avg":0.6382309286818452,"ipd/beta/infin":-0.03785158321261406,"ipd/beta/my.decision5":-0.05285482481122017}