{"ipd/beta/error":0.16535058617591858,"_runtime":2346,"ipd/beta/delta*infin":-0.20576801896095276,"ipd/beta/risk":-0.07407264411449432,"ipd/beta/my.decision1":-0.5890457034111023,"training/train_loss_std":0.022727067715815,"ipd/beta/infin":-0.10181694477796555,"validation/mse":0.09998827910035088,"ipd/RMSE-Avg":0.2649083829306758,"_timestamp":1.7632703558057423e+09,"mo_formula/Acc.t=1":0.45347232868312126,"ipd/beta/r1":0.10837756097316742,"ipd/Cor-Time":0.8780991227535138,"mo_formula/RMSE-Time":0.4878379888401716,"_wandb":{"runtime":2346},"ipd/beta/r1*delta":-0.17148926854133606,"training/train_loss_mean":0.09516165289785714,"ipd/RMSE-Time":0.18139531211344642,"mo_formula/Cor-Avg":0.475096183929121,"ipd/beta/other.decision1":-0.8343382477760315,"ipd/Cor-Avg":0.995749464134309,"ipd/beta/r2*delta":0.04272114485502243,"mo_formula/LL.t=1":-11666.30078125,"ipd/beta/delta":-0.05631060153245926,"ipd/beta/r2":-0.07934923470020294,"ipd/Acc.t=1":0.4534723162651062,"ipd/LL.t>1":-91262.46875,"mo_formula/LL.t>1":-932177.75,"ipd/beta/bias":0.09167787432670593,"mo_formula/Cor-Time":0.08954218371059805,"ipd/Acc.t>1":0.41219866275787354,"mo_formula/RMSE-Avg":0.6509321740350552,"time/evaluation":0.000997781753540039,"time/total":2130.5359892845154,"time/training":116.49740314483643,"ipd/LL.t=1":-4483.52001953125,"mo_formula/Acc.t>1":0.41147726189990064,"training/action_error":0.10137605667114258,"_step":11,"ipd/beta/contin":0.04247594252228737}