{"ipd/beta/my.decision1":0.5153810977935791,"ipd/beta/r2":-0.08039446175098419,"_timestamp":1.7631140346289847e+09,"ipd/Cor-Avg":0.997634103958867,"ipd/Acc.t=1":0.4709489643573761,"ipd/beta/r1*delta":0.10494007170200348,"training/train_loss_mean":0.09610164134334773,"ipd/Cor-Time":0.6842706507786518,"ipd/beta/delta*infin":-0.1617341935634613,"ipd/RMSE-Avg":0.25597187235579805,"validation/mse":0.09955064598665016,"ipd/beta/other.decision1":0.6763859987258911,"ipd/beta/error":0.02355407364666462,"ipd/beta/infin":0.26481229066848755,"_wandb":{"runtime":2004},"ipd/LL.t=1":-4407.10205078125,"time/total":1801.2806203365326,"time/training":95.00125765800476,"training/action_error":0.1034124344587326,"time/evaluation":0,"training/train_loss_std":0.02290821111058614,"_step":10,"ipd/LL.t>1":-89935.859375,"ipd/beta/bias":-0.1462329924106598,"ipd/beta/r2*delta":0.002170167863368988,"ipd/beta/delta":0.16652630269527435,"_runtime":2004,"ipd/beta/r1":0.039754368364810944,"ipd/Acc.t>1":0.43237483501434326,"ipd/beta/contin":-0.02528747357428074,"ipd/beta/risk":0.004142397083342075,"ipd/RMSE-Time":0.24835592534789266}