{"training/train_loss_mean":0.09635138203725219,"ipd/beta/infin":0.05346342921257019,"ipd/beta/r2":-0.02304675057530403,"ipd/beta/my.decision1":0.5814290046691895,"_runtime":2005,"ipd/Cor-Time":0.9967425841146831,"ipd/beta/r2*delta":-0.12516652047634125,"ipd/beta/delta":0.19915349781513214,"time/evaluation":0,"_timestamp":1.7631120292518253e+09,"ipd/RMSE-Time":0.17984593347595404,"ipd/RMSE-Avg":0.2563837240579723,"ipd/Acc.t=1":0.46297717094421387,"ipd/beta/r1*delta":0.001037701265886426,"training/train_loss_std":0.022799076446491415,"ipd/beta/r1":0.07949770241975784,"ipd/Acc.t>1":0.4356133043766022,"validation/mse":0.09523719730831426,"ipd/beta/bias":0.18770968914031982,"training/action_error":0.07783602178096771,"ipd/Cor-Avg":0.9992026190808612,"time/total":1805.4928331375122,"ipd/beta/delta*infin":0.009328583255410194,"_wandb":{"runtime":2005},"ipd/beta/error":0.04167744517326355,"ipd/LL.t>1":-91193.6796875,"_step":10,"ipd/LL.t=1":-4437.75,"ipd/beta/contin":-0.04809105396270752,"time/training":100.68249177932739,"ipd/beta/risk":0.09181073307991028,"ipd/beta/other.decision1":0.7736423015594482}